index,type,name,resident,streamed,parentStack
1,string,,0,0,||assetlist
2,scriptparsetree,scripts/zm/gametypes/_clientids.gsc,1205,0,|zone_source/zm_mod.zone|csv
3,scriptparsetree,scripts/zm/gametypes/_projectz_menu.gsc,7084,0,|zone_source/zm_mod.zone|csv
4,scriptparsetree,scripts/zm/gametypes/_projectz_weapons.gsc,580,0,|zone_source/zm_mod.zone|csv
5,scriptparsetree,scripts/zm/gametypes/_projectz_godmode.gsc,460,0,|zone_source/zm_mod.zone|csv
6,scriptparsetree,scripts/zm/gametypes/_projectz_ammo.gsc,636,0,|zone_source/zm_mod.zone|csv
7,scriptparsetree,scripts/zm/gametypes/_projectz_superjump.gsc,588,0,|zone_source/zm_mod.zone|csv
8,rawfile,dummy.cfg,24,0,|zone_source/zm_mod.zone|csv
9,keyvaluepairs,zm_mod,1114,0,||assetlist
10,assetlist,,128,0,
